area,sazonalidade,tendencia
Australia,0.7345202559488919,0.9770747473060426
Brazil,0,0.9800848357524287
China,0.12652515344718418,0.9790531484347977
Germany,0.8238108111509609,0.8912896165692791
United States of America,0.5754192885288403,0.96086696628957
World,0.5304279045575009,0.9800804160605
